{"temperature": 1.3759501303955293, "reference_confidences": [0.0005173015733900533, 0.0014558251209978305, 0.00040902206331507214, 0.004252196897749664, 0.011766483609256046, 0.005283664444977281, 0.003393397912893091, 0.006727059492863078, 0.046637893431941926, 0.0001489351097341922, 0.004083527500861841, 0.005349017012706435, 0.028886473978543686, 0.03959399579047533, 0.005833489221026059, 0.0014120399944350316, 0.005362937250671745, 0.010178712079808897, 0.005492447231312969, 0.004466996301922361, 0.004032797577315721, 0.011142014954959992, 0.01264682764691193, 0.0068688872122666025, 0.002352092668079714, 0.0023936864377664484, 0.0014540632262146549, 0.002733277229120076, 0.0027407989475602013, 0.0009528647028327101, 0.004354390963443968, 0.0017391724383721727, 0.005804009247475117, 0.011558728891888621, 0.006201981276739217, 0.001805267963150608, 0.08232653487650596, 0.010075295758786487, 0.003255573187523167, 0.015373481123196609, 0.01729668911092849, 0.0010081031916662768, 0.0012495573173343865, 0.008096998210182936, 0.0070460638486007955, 0.9995987291877398, 0.999991822834302, 0.9938310035121771, 0.9998439916924331, 0.999991822834302, 0.8410593922169725, 0.08028842591172103, 0.9992578706036879, 0.9769409175606715, 0.9988816276939657, 0.9173099153290849, 0.9999504760081873]}